mammography_nodule,i_mean,i_skewness,s_x_center_mass,s_y_center_mass,s_solidity,s_extent,t_corr,t_homo,t_senth
1.0,0.8547799999999999,-0.14515999999999998,0.13751,0.28846,0.82342,0.53535,0.77767,0.52281,3.0068
1.0,0.8331299999999999,-0.64293,0.21043,0.42407,0.61582,0.38115,0.73583,0.46888,3.1893
1.0,0.55903,1.2048,0.22107,0.7664,0.9721,0.72496,0.25991,0.48007,2.5313
1.0,0.75233,0.22278,0.2298,0.4992,0.97414,0.65971,0.54014,0.43897,3.0147
1.0,0.58568,0.28343,0.14915,0.23309,0.94872,0.6472899999999999,0.11137,0.4410600000000001,2.5311
1.0,0.51655,0.041619,0.24079,0.40036,0.94677,0.71418,0.1631,0.5013,2.2729
1.0,0.6227199999999999,-0.16105,0.23798,0.35934,0.94212,0.65366,0.30089,0.482,2.5083
1.0,0.61235,0.09789,0.12347,0.2114,0.94853,0.66667,0.28471,0.49028,2.4675
1.0,0.82478,-0.097789,0.81472,0.25414000000000003,0.95794,0.67674,0.21197,0.3409,3.0374
1.0,0.7954600000000001,0.32067,0.72288,0.47712,0.95074,0.67176,0.16217,0.35773,3.0291
1.0,0.80067,0.24606,0.81248,0.27425,0.96535,0.72043,0.15761,0.33626,3.0229
1.0,0.81847,-0.012342,0.7182,0.5221,0.97214,0.6462600000000001,0.19949,0.34469,3.0732
1.0,0.5947399999999999,0.097888,0.7934899999999999,0.28355,0.97013,0.81365,0.4987,0.54437,2.4811
1.0,0.55791,0.108,0.8164399999999999,0.26544,0.95952,0.75818,0.59539,0.45877,2.9894
1.0,0.65354,0.043656,0.93451,0.31424,0.96442,0.7743899999999999,0.66597,0.56882,2.6313
1.0,0.6749,-0.7673399999999999,0.80691,0.78352,0.98173,0.76678,0.92352,0.61644,3.1498
1.0,0.6843199999999999,-0.99003,0.80723,0.63546,0.96173,0.68537,0.8315799999999999,0.61805,2.7127
1.0,0.25514000000000003,0.49531,0.25571,0.52593,0.97846,0.75697,0.7296600000000001,0.71514,2.1436
1.0,0.36407,0.030325,0.27903,0.59259,0.94918,0.68533,0.72208,0.47993,3.0939
1.0,0.34775,0.35231,0.27221,0.4839,0.97148,0.7470899999999999,0.82386,0.57593,2.9193
1.0,0.2758,-0.027305,0.38738,0.68279,0.97193,0.72633,0.76549,0.6179600000000001,2.6262
1.0,0.4502100000000001,-0.22112,0.80377,0.23717,0.95443,0.75789,0.24173000000000006,0.55848,2.1368
1.0,0.40233,0.028969,0.13781,0.24673,0.94751,0.6878,0.25234,0.5766,2.0702
1.0,0.3963,-0.24805,0.76665,0.5351899999999999,0.93437,0.7059300000000001,0.70724,0.57331,2.7081
1.0,0.41154,-0.06313200000000001,0.66745,0.63213,0.97228,0.73826,0.76684,0.55051,2.9188
1.0,0.49039,-0.052012,0.76866,0.53696,0.94612,0.67516,0.7668699999999999,0.49527,3.1631
1.0,0.63551,-0.56053,0.5765600000000001,0.63434,0.95205,0.6797300000000001,0.79781,0.47395,3.3068
1.0,0.6651699999999999,-0.5120100000000001,0.48377,0.57728,0.9631,0.76473,0.72642,0.56074,2.7768
1.0,0.50955,0.23617,0.36224,0.42339,0.78314,0.55143,0.75358,0.44943,3.3247
1.0,0.5110899999999999,0.20937,0.23976,0.37777,0.8482200000000001,0.5097,0.72469,0.51021,2.9775
1.0,0.4910600000000001,0.88784,0.4392,0.49836,0.79055,0.36725,0.73259,0.47222,3.1460000000000004
1.0,0.50316,0.35345,0.3864800000000001,0.37673,0.79404,0.42736,0.48753,0.50129,2.8575
1.0,0.83595,0.23279,0.15192,0.46565,0.97808,0.67442,0.10628,0.3697,2.8135
1.0,0.93626,-1.0095,0.046133,0.32298000000000004,0.97492,0.7484,0.077263,0.46773,2.454
1.0,0.72928,-0.13410999999999998,0.13908,0.1581,0.79464,0.63027,0.6767,0.4988,2.9584
1.0,0.6964899999999999,0.27831,0.22872,0.2879,0.8328399999999999,0.56138,0.70595,0.4875,3.1114
1.0,0.7956300000000001,0.39227,0.1435,0.42678,0.95984,0.7034,0.3322,0.37429,3.0019
1.0,0.62842,0.9392,0.26314,0.65396,0.96069,0.67889,0.37877,0.4437,2.7635
1.0,0.84945,-0.39479,0.62929,0.48707,0.81338,0.46395,0.43837,0.43719,3.0555
1.0,0.75274,0.28774,0.8688,0.39565,0.8754799999999999,0.72756,0.2969,0.34534000000000004,3.3092
1.0,0.6884,0.8365299999999999,0.8732200000000001,0.32255,0.94656,0.7197399999999999,0.29523,0.49607,2.7106
1.0,0.69425,0.69089,0.65172,0.46979,0.97287,0.71439,0.41915,0.5162899999999999,2.6306
1.0,0.6057,0.9062,0.30839,0.73235,0.98422,0.76053,0.21123000000000006,0.36355,2.9679
1.0,0.67842,0.72365,0.25615,0.8452299999999999,0.97611,0.81112,0.33297,0.3366,3.1408
1.0,0.65691,-0.054853,0.039292,0.7558699999999999,0.61846,0.49017,0.6110800000000001,0.4472,3.0671
1.0,0.6640199999999999,0.10613,0.1449,0.36627,0.72428,0.49689,0.60049,0.46953,2.9691
1.0,0.44312,0.33726,0.17287,0.68767,0.88277,0.64432,0.70394,0.50648,3.0215
1.0,0.38774,0.49776,0.20607,0.57912,0.80098,0.42925,0.8302,0.54568,3.1983
1.0,0.79279,-0.00048059,0.93219,0.14938,0.9484,0.677,0.23804,0.51613,2.2909
1.0,0.58581,-0.33568000000000003,0.83991,0.20827,0.895,0.6021,0.29079,0.4799100000000001,2.504
1.0,0.72432,-0.32615,0.8655799999999999,0.52653,0.7439399999999999,0.49015,0.84203,0.54273,3.1743
1.0,0.72624,-0.22655,0.80802,0.46792,0.79537,0.52188,0.89692,0.5606800000000001,3.3310000000000004
1.0,0.36209,-0.11557,0.93064,0.36824,0.94489,0.58549,0.26472,0.56843,2.1077
1.0,0.33359,-0.03142,0.95507,0.19899,0.95417,0.67551,0.33324000000000004,0.59639,2.0838
1.0,0.45054,-0.20082,0.73363,0.25942,0.82326,0.56825,0.8908,0.4723100000000001,3.61
1.0,0.47333,-0.29146,0.90361,0.27898,0.8043399999999999,0.5817399999999999,0.82358,0.49138,3.2696
1.0,0.62605,-0.68495,0.25731,0.40097,0.88987,0.62479,0.78927,0.53685,3.0003
1.0,0.3429,2.7812,0.11303,0.51751,0.96233,0.67888,0.42421,0.5574100000000001,2.5651
1.0,0.38024,2.1108,0.07796499999999999,0.5624899999999999,0.95766,0.6946399999999999,0.57872,0.53723,2.7272
1.0,0.62564,-0.29341,0.81382,0.36264,0.95472,0.7170000000000001,0.73975,0.44572,3.325
1.0,0.47606,-0.22397,0.8282,0.47107,0.95568,0.69138,0.5925199999999999,0.45957,2.9834
1.0,0.35673,0.69523,0.92072,0.22964,0.76371,0.42566,0.58243,0.50941,2.889
1.0,0.36318,0.77525,0.90751,0.39615,0.72633,0.4780100000000001,0.78008,0.52422,3.1002
1.0,0.68716,-0.50675,0.8753200000000001,0.28168000000000004,0.92437,0.64281,0.47156,0.48576,2.6618
1.0,0.68195,-0.1521,0.90736,0.39513,0.93057,0.69066,0.4290600000000001,0.50977,2.5411
1.0,0.8273,-0.59351,0.75584,0.62449,0.94864,0.68082,0.6214,0.45204,3.048
1.0,0.68571,0.14232999999999998,0.83195,0.6139600000000001,0.95203,0.6210600000000001,0.53828,0.49833,2.7372
1.0,0.8991399999999999,-0.50716,0.21795,0.4875600000000001,0.91046,0.65293,0.48388,0.48211,2.7255
1.0,0.92272,-1.4203,0.10476,0.39194,0.97861,0.73845,0.82634,0.6558,2.4849
1.0,0.77637,-0.45546,0.58219,0.50856,0.7235699999999999,0.51257,0.80595,0.50121,3.198
1.0,0.8083600000000001,-0.69487,0.67277,0.47481,0.7683300000000001,0.5051100000000001,0.79389,0.50332,3.0959
1.0,0.5726,0.055036,0.88146,0.55818,0.91465,0.49935,0.31753000000000003,0.58586,2.1116
1.0,0.55634,0.21162,0.88492,0.37536,0.9101,0.6360100000000001,0.36839,0.58597,2.1672
1.0,0.72054,-0.50335,0.8968799999999999,0.38094,0.92031,0.74219,0.79738,0.50016,3.1667
1.0,0.65242,-0.37545,0.90528,0.6727,0.96291,0.7164699999999999,0.72656,0.51051,3.0086
1.0,0.6852699999999999,-0.45735,0.79689,0.46274,0.96255,0.79169,0.8025100000000001,0.53801,3.0442
1.0,0.71113,-0.40902,0.92881,0.41176,0.95308,0.69887,0.69817,0.5618,2.7151
1.0,0.72944,-0.57217,0.92496,0.83665,0.98301,0.7380399999999999,0.79742,0.45809,3.3964
1.0,0.6512399999999999,-0.52825,0.91704,0.69017,0.98231,0.75146,0.8524700000000001,0.47884,3.4545
1.0,0.6994600000000001,-0.045072,0.34024,0.49107,0.91611,0.61432,0.8882200000000001,0.58636,3.2392
1.0,0.6826399999999999,-0.026046,0.20552,0.73777,0.92205,0.63246,0.81994,0.4810100000000001,3.3862
1.0,0.69593,0.0096025,0.30423,0.72711,0.95936,0.6874,0.84495,0.45965,3.544
1.0,0.7594,-0.6180100000000001,0.33729000000000003,0.578,0.97241,0.73723,0.68375,0.52136,2.8888
1.0,0.53303,-1.0011,0.85345,0.55488,0.95808,0.75861,0.8409200000000001,0.63627,2.6318
1.0,0.57458,-0.7126600000000001,0.78998,0.8165399999999999,0.9307,0.6308699999999999,0.93316,0.58814,3.4046
1.0,0.39076,-0.6639,0.94647,0.18057,0.8634299999999999,0.59646,0.6072,0.5417,2.6139
1.0,0.49894,-0.012952000000000002,0.87751,0.30136,0.93754,0.72078,0.31289,0.54875,2.2532
1.0,0.49928,-0.098899,0.83616,0.25973,0.91638,0.6863,0.24522,0.5201100000000001,2.2727
1.0,0.46006,-0.33315,0.91886,0.21076,0.94108,0.73197,0.64847,0.51268,2.7916
1.0,0.77889,0.13907,0.23067,0.33696,0.95399,0.6968300000000001,0.82083,0.49802,3.2763
1.0,0.74262,0.17613,0.45443,0.46716,0.94864,0.6685399999999999,0.71639,0.49212,3.0599
1.0,0.69224,-0.7600100000000001,0.92088,0.53375,0.9472,0.79892,0.7531100000000001,0.53483,2.8814
1.0,0.64137,-0.5323899999999999,0.18643,0.60465,0.95997,0.75638,0.80872,0.45792,3.4693
1.0,0.5744100000000001,-0.085439,0.17720999999999998,0.49829,0.96862,0.7480100000000001,0.87754,0.4643600000000001,3.8408
1.0,0.62645,0.15904,0.77987,0.80193,0.96278,0.65632,0.67829,0.53875,2.8088
1.0,0.59687,-0.15037,0.8043899999999999,0.68337,0.94093,0.68062,0.6714399999999999,0.5619,2.6929
1.0,0.58194,-0.08017300000000001,0.72619,0.6459999999999999,0.93345,0.62228,0.7740199999999999,0.5140100000000001,3.2235
1.0,0.54899,0.17381,0.6322,0.44184,0.79352,0.3379,0.7684,0.52649,3.2442
1.0,0.74087,-0.8558899999999999,0.12593,0.61864,0.97749,0.72888,0.8809600000000001,0.55657,3.1029
1.0,0.6913199999999999,-0.11997,0.078235,0.41666,0.9658,0.7553300000000001,0.90349,0.54289,3.3585
1.0,0.78493,-0.51194,0.65462,0.49922,0.80225,0.60364,0.7269100000000001,0.49182,3.0405
1.0,0.65252,-0.08505700000000001,0.62473,0.60928,0.7602800000000001,0.4814100000000001,0.7936300000000001,0.46849,3.3347
1.0,0.55823,-0.10643,0.3202,0.4722,0.8043600000000001,0.57186,0.89486,0.58077,3.2204
1.0,0.5946199999999999,-0.58703,0.32067,0.55265,0.8800100000000001,0.59818,0.8440200000000001,0.54655,3.1063
1.0,0.60752,0.034413,0.2956,0.38723,0.90543,0.6596,0.79627,0.50473,3.2085
1.0,0.64791,-0.16675,0.39786,0.44209,0.94058,0.68358,0.7878,0.47266,3.3188
1.0,0.6705899999999999,0.62358,0.15363,0.30603,0.95041,0.6590699999999999,0.5605399999999999,0.5513,2.5084
1.0,0.6462,-0.21865,0.19653,0.38802,0.97801,0.75573,0.59987,0.5647800000000001,2.5417
1.0,0.58421,1.9965,0.067622,0.42582,0.95631,0.7128800000000001,0.31508,0.4678600000000001,2.7839
1.0,0.5594399999999999,1.7302,0.096439,0.63153,0.94684,0.68545,0.32553000000000004,0.43059,2.8279
1.0,0.58245,0.6442899999999999,0.80135,0.49684,0.96263,0.7500899999999999,0.50689,0.49755,2.6887
1.0,0.25424,-0.35773,0.64105,0.47599,0.96261,0.6837,0.24897,0.64043,1.821
1.0,0.75717,-0.40477,0.08367999999999999,0.49782,0.87266,0.63986,0.7791100000000001,0.47366,3.3011
1.0,0.35011,-0.024813,0.074862,0.32683,0.93654,0.72411,0.38749,0.54695,2.3147
1.0,0.3671,-0.17490999999999998,0.13717,0.37806,0.86905,0.58165,0.27777,0.55194,2.1615
1.0,0.74648,0.62505,0.86151,0.58189,0.9735,0.7621,0.47778,0.47528,2.8963
1.0,0.7104,1.3109,0.88533,0.6059899999999999,0.97308,0.75735,0.3859800000000001,0.50065,2.664
1.0,0.5598,0.22652,0.39023,0.5812,0.97064,0.74939,0.7165,0.4866,3.0587
1.0,0.70344,0.5062800000000001,0.36141,0.43717,0.96091,0.73253,0.69,0.45391,3.1872
1.0,0.7752399999999999,-0.56485,0.12359,0.30474,0.93219,0.7342,0.5072,0.5664399999999999,2.419
1.0,0.67765,-0.15892,0.21724,0.43677,0.96778,0.66303,0.69799,0.57718,2.6225
1.0,0.72697,0.31203000000000003,0.19069,0.54105,0.88421,0.6967300000000001,0.72713,0.52525,2.9327
1.0,0.72958,-0.5131399999999999,0.23942,0.44027,0.90469,0.69631,0.8211799999999999,0.52249,3.15
1.0,0.6099399999999999,0.10103,0.16376,0.28138,0.86918,0.60444,0.87236,0.5462899999999999,3.2956
1.0,0.5533,-0.35836,0.2104,0.38802,0.86224,0.6677,0.77179,0.5578,2.9234
1.0,0.59778,-0.092405,0.05532,0.4038,0.96138,0.72797,0.80679,0.52862,3.1173
1.0,0.5529,0.16201,0.15353,0.59464,0.94135,0.66046,0.69076,0.58636,2.607
1.0,0.62467,0.0081204,0.17812,0.5421600000000001,0.90833,0.6008,0.52569,0.53403,2.5594
1.0,0.42238,-0.0070973999999999985,0.13105999999999998,0.12946,0.97632,0.70808,-0.0048481,0.52775,2.0313
1.0,0.53651,0.075565,0.59727,0.25396,0.8927299999999999,0.6080899999999999,0.38822,0.49208,2.5723
1.0,0.62193,-0.10634,0.88192,0.2069,0.8851700000000001,0.65176,0.25041,0.50413,2.3544
1.0,0.40207,-0.10579,0.57214,0.21687,0.94905,0.68511,0.47922,0.55803,2.4101
1.0,0.60955,0.18429,0.87339,0.22603,0.82455,0.5852,0.32424000000000003,0.5357,2.317
1.0,0.54937,0.6575300000000001,0.14056,0.37552,0.59038,0.3915,0.63078,0.50446,2.8078
1.0,0.5573199999999999,0.18353,0.042278,0.5473,0.6559999999999999,0.44767,0.63885,0.52813,2.7558
1.0,0.59267,-0.092473,0.15074,0.30029,0.9573,0.7017399999999999,0.305,0.48682,2.4963
1.0,0.53919,0.30856,0.27041,0.31615,0.96776,0.64859,0.32028,0.52303,2.3758
1.0,0.57434,0.11780999999999997,0.61326,0.50895,0.97509,0.6414300000000001,0.8068,0.52378,3.1518
1.0,0.63666,-0.068999,0.70508,0.421,0.97247,0.73418,0.7107399999999999,0.50742,2.9864
1.0,0.55648,1.9219,0.28013000000000005,0.40321,0.94436,0.6881,0.55196,0.52275,3.0888
1.0,0.51415,1.1802,0.33361,0.50126,0.93168,0.6469699999999999,0.5697300000000001,0.48113,3.3367
1.0,0.64085,1.0597,0.1903,0.66976,0.93467,0.7530899999999999,0.6071300000000001,0.48639,3.1519
1.0,0.68283,1.5113,0.20579,0.5184300000000001,0.89805,0.67519,0.39346,0.47802,2.8107
0.0,0.8496600000000001,0.13330999999999998,0.33148,0.64227,0.97806,0.7641100000000001,-0.00093086,0.37143,2.695
0.0,0.91679,-1.02,0.29297,0.47822,0.97838,0.76178,-0.082696,0.38186,2.6133
0.0,0.93062,-1.9582,0.74685,0.564,0.96517,0.67655,-0.11826,0.5493,2.2776
0.0,0.94725,-2.2222,0.82773,0.36289,0.94898,0.6883199999999999,-0.016056,0.57982,2.1277
0.0,0.97776,-3.3695,0.52083,0.6491899999999999,0.96132,0.66567,0.026088,0.8730100000000001,0.7949
0.0,0.94753,-3.0732,0.41876,0.59527,0.95749,0.78833,-0.058618,0.81979,1.1134
1.0,0.55903,1.2048,0.22107,0.7664,0.9721,0.72496,0.25991,0.48007,2.5313
1.0,0.75233,0.22278,0.2298,0.4992,0.97414,0.65971,0.54014,0.43897,3.0147
0.0,0.97339,-3.6863,0.45214,0.63544,0.92093,0.6,-0.0077298,0.8667600000000001,0.8629700000000001
0.0,0.97296,-4.2181,0.38678,0.5832,0.9708,0.78854,-0.024942,0.90637,0.6038399999999999
1.0,0.82478,-0.097789,0.81472,0.25414000000000003,0.95794,0.67674,0.21197,0.3409,3.0374
1.0,0.7954600000000001,0.32067,0.72288,0.47712,0.95074,0.67176,0.16217,0.35773,3.0291
1.0,0.80067,0.24606,0.81248,0.27425,0.96535,0.72043,0.15761,0.33626,3.0229
1.0,0.81847,-0.012342,0.7182,0.5221,0.97214,0.6462600000000001,0.19949,0.34469,3.0732
0.0,0.90208,-1.5783,0.090398,0.18597,0.92793,0.57222,0.2116,0.48113,2.8088
0.0,0.81679,-1.1974,0.29599000000000003,0.2808,0.9661,0.73077,0.2116,0.48113,2.8088
0.0,0.8844200000000001,-1.3681,0.1125,0.22319,0.97802,0.7416699999999999,0.2116,0.48113,2.8088
0.0,0.8230799999999999,-1.3004,0.33131,0.215,0.95652,0.73333,0.2116,0.48113,2.8088
0.0,0.95075,-2.382,0.24989,0.22166,0.95327,0.5604399999999999,0.2116,0.48113,2.8088
0.0,0.96002,-2.3080000000000003,0.064307,0.20704,0.9708,0.6333300000000001,0.2116,0.48113,2.8088
0.0,0.39647,0.76762,0.61834,0.53909,0.23911,0.07045499999999999,0.32547,0.4361,2.8594
0.0,0.41775,0.76041,0.7329399999999999,0.57557,0.30464,0.097524,0.38726,0.43734,2.9152
0.0,0.81219,-0.20326,0.82955,0.4960100000000001,0.95106,0.7397699999999999,0.066566,0.30505,3.1065
0.0,0.74784,0.079264,0.8573299999999999,0.29498,0.95479,0.73757,0.11233,0.29379,3.2083
0.0,0.94775,-2.7622,0.83441,0.58553,0.94989,0.6976,-0.054852,0.76961,1.3559
0.0,0.94929,-2.8229,0.83524,0.5383899999999999,0.93713,0.73385,0.061331,0.76427,1.4371
0.0,0.5441199999999999,-0.26531,0.89379,0.32242,0.91183,0.72024,0.23636,0.39144,2.7682
0.0,0.47638,1.1843,0.8467399999999999,0.36577,0.8891700000000001,0.68794,-0.015649,0.29148,3.2693
0.0,0.82599,-0.7711,0.2092,0.6500600000000001,0.96892,0.75966,-0.0418,0.30128,2.9243
0.0,0.7780100000000001,-0.78423,0.17162,0.69126,0.9735,0.73688,-0.07054400000000001,0.32491,2.8757
0.0,0.45165,-0.3847,0.33136,0.59814,0.94495,0.77444,-0.083372,0.37208,2.2305
0.0,0.30862,-0.6147699999999999,0.34553,0.64531,0.8861399999999999,0.58882,-0.12564,0.42704,2.1543
0.0,0.57516,1.4980000000000002,0.29838000000000003,0.5234,0.8709899999999999,0.6107899999999999,0.34569,0.40805,3.0838
0.0,0.48917,1.8545,0.36166,0.52394,0.8128,0.41115,0.42239,0.4199600000000001,3.1879
0.0,0.6491,-0.025713,0.7945800000000001,0.60033,0.17787,0.054992,0.4288,0.28571,3.7558
0.0,0.63317,-0.034178,0.8137300000000001,0.50539,0.2554,0.076419,0.33509,0.26331,3.7944
0.0,0.5657399999999999,0.50775,0.2487,0.6218600000000001,0.20335,0.0635,0.49514,0.29916,3.715
0.0,0.76254,-0.44044,0.21409,0.54623,0.3598,0.23142,0.4735,0.34832,3.5291
0.0,0.8922100000000001,-1.4441,0.29453,0.51199,0.89244,0.67473,-0.029749,0.5414899999999999,2.3215
0.0,0.8676799999999999,-1.2491,0.20333,0.49275,0.92911,0.73333,-0.065512,0.42525,2.8012
1.0,0.50955,0.23617,0.36224,0.42339,0.78314,0.55143,0.75358,0.44943,3.3247
1.0,0.5110899999999999,0.20937,0.23976,0.37777,0.8482200000000001,0.5097,0.72469,0.51021,2.9775
0.0,0.59858,0.53254,0.38016,0.7711899999999999,0.94069,0.68881,0.36633,0.28984,3.6013
0.0,0.6451600000000001,0.1766,0.43199,0.71597,0.94479,0.73368,0.46527,0.29052,3.7685
0.0,0.5211600000000001,1.0782,0.31368,0.7378100000000001,0.96462,0.72956,0.36109,0.35654,3.2364
0.0,0.64655,0.46,0.33996,0.66287,0.97344,0.74098,0.4279,0.33506,3.5174
1.0,0.4910600000000001,0.88784,0.4392,0.49836,0.79055,0.36725,0.73259,0.47222,3.1460000000000004
1.0,0.50316,0.35345,0.3864800000000001,0.37673,0.79404,0.42736,0.48753,0.50129,2.8575
0.0,0.85749,-0.524,0.36085,0.62683,0.95752,0.75776,0.07239,0.34117,2.8634
0.0,0.7720600000000001,-0.010989,0.28225,0.5333600000000001,0.93998,0.7,-0.05052,0.29004,3.0727
1.0,0.83595,0.23279,0.15192,0.46565,0.97808,0.67442,0.10628,0.3697,2.8135
1.0,0.93626,-1.0095,0.046133,0.32298000000000004,0.97492,0.7484,0.077263,0.46773,2.454
1.0,0.7956300000000001,0.39227,0.1435,0.42678,0.95984,0.7034,0.3322,0.37429,3.0019
1.0,0.62842,0.9392,0.26314,0.65396,0.96069,0.67889,0.37877,0.4437,2.7635
1.0,0.84945,-0.39479,0.62929,0.48707,0.81338,0.46395,0.43837,0.43719,3.0555
1.0,0.75274,0.28774,0.8688,0.39565,0.8754799999999999,0.72756,0.2969,0.34534000000000004,3.3092
1.0,0.6884,0.8365299999999999,0.8732200000000001,0.32255,0.94656,0.7197399999999999,0.29523,0.49607,2.7106
1.0,0.69425,0.69089,0.65172,0.46979,0.97287,0.71439,0.41915,0.5162899999999999,2.6306
0.0,0.6945899999999999,1.3098,0.16033,0.44633,0.96711,0.74242,0.12331,0.42324,2.6223
0.0,0.6351100000000001,0.4653,0.1389,0.32471,0.96624,0.70102,-0.006868000000000001,0.33612,2.9198
0.0,0.94329,-2.0175,0.20175,0.48587,0.89259,0.60859,-0.13180999999999998,0.62858,1.778
0.0,0.82375,-1.169,0.26791,0.39174,0.8333299999999999,0.46667,-0.19469,0.31119,2.5951
0.0,0.60358,-0.74856,0.32818,0.50575,0.8565200000000001,0.51302,-0.44151,0.20594,2.3506
0.0,0.9053,-0.956,0.20845,0.36849,0.83039,0.55952,-0.16808,0.34423000000000004,2.357
0.0,0.96456,-3.1062,0.8592,0.56933,0.96889,0.7077899999999999,-0.0029502,0.76346,1.3871
0.0,0.95261,-2.3876,0.89051,0.64863,0.97685,0.7377600000000001,-0.021224,0.74175,1.4477
0.0,0.60022,0.31224,0.34608,0.5059100000000001,0.94081,0.68498,0.52956,0.44737,2.978
0.0,0.72835,0.32603000000000004,0.26222,0.52683,0.95047,0.76118,0.65533,0.50548,2.9176
0.0,0.9494,-2.5265,0.4335100000000001,0.50955,0.93878,0.68047,-0.03532,0.7663800000000001,1.3801
0.0,0.93088,-2.4065,0.4194100000000001,0.6221399999999999,0.93761,0.67178,0.049956,0.76912,1.4043
0.0,0.60344,-0.0038546,0.27441,0.45661,0.91649,0.66041,0.56176,0.54672,2.6274
0.0,0.6059399999999999,0.43392,0.45088,0.48224,0.96799,0.72714,0.7642,0.48475,3.1614
0.0,0.89891,-1.5954,0.4856,0.4355600000000001,0.9739,0.81104,0.041146,0.54992,2.3458
0.0,0.96858,-3.1246,0.52442,0.60316,0.96639,0.736,0.069677,0.8289799999999999,1.0543
0.0,0.90284,-1.0837,0.23533,0.36637,0.95238,0.74074,0.2116,0.48113,2.8088
0.0,0.92975,-1.2342,0.38114,0.50329,0.94161,0.57333,0.2116,0.48113,2.8088
0.0,0.86803,-1.673,0.70144,0.22317,0.93878,0.5897399999999999,0.2116,0.48113,2.8088
0.0,0.92879,-1.7027,0.65972,0.5647800000000001,1.0,0.61806,0.2116,0.48113,2.8088
0.0,0.56274,1.9473,0.61357,0.64169,0.91228,0.62458,0.19159,0.46732,2.9093
0.0,0.60647,2.2364,0.6693399999999999,0.45422,0.95723,0.76423,0.16801,0.46864,2.7017
0.0,0.77818,0.30389,0.7208600000000001,0.54173,0.90194,0.73852,0.32037,0.3855,3.0784
0.0,0.6536,1.3648,0.65678,0.63183,0.74169,0.55642,0.051108,0.36874,3.0662
0.0,0.60009,1.4301,0.8103600000000001,0.60934,0.75935,0.21003,0.30563,0.41886,2.963
0.0,0.64305,1.1376,0.65332,0.49334,0.78977,0.26495,0.50597,0.44101,3.0768
1.0,0.6057,0.9062,0.30839,0.73235,0.98422,0.76053,0.21123000000000006,0.36355,2.9679
1.0,0.67842,0.72365,0.25615,0.8452299999999999,0.97611,0.81112,0.33297,0.3366,3.1408
0.0,0.95813,-3.0658,0.16252,0.65517,0.97151,0.8119,0.047078,0.80495,1.1761
0.0,0.97182,-3.1568,0.14904,0.48536,0.95161,0.74526,0.033288,0.8461799999999999,0.92136
0.0,0.87087,-1.391,0.51541,0.80952,0.9703,0.71014,-0.090052,0.31917,2.922
0.0,0.95785,-3.3642,0.5359,0.6058100000000001,0.97343,0.76181,0.029355000000000006,0.77122,1.3918
0.0,0.96053,-3.3719,0.24182,0.55982,0.965,0.6433300000000001,-0.0023364,0.81667,1.1762
0.0,0.94182,-2.9265,0.32585,0.44224,0.96759,0.7773399999999999,0.053433,0.71907,1.6448
0.0,0.75455,0.22827,0.021291,0.50342,0.94479,0.6754399999999999,5.3485e-05,0.29884,3.0892
0.0,0.74406,0.20304,0.021536000000000003,0.18197,0.97755,0.80276,0.048495,0.26356,3.2539
0.0,0.78251,-0.22798,0.025667,0.51627,0.95541,0.71429,-0.086217,0.30088000000000004,3.0449
0.0,0.92461,-1.69,0.78777,0.60827,0.8716299999999999,0.5314,0.03452,0.64749,1.9082
0.0,0.95705,-2.2572,0.8875299999999999,0.7129,0.89866,0.65278,-0.019156,0.71329,1.5652
0.0,0.9597,-1.8591,0.8371700000000001,0.70805,0.96622,0.7944399999999999,0.028331,0.62178,1.8408
0.0,0.98837,-3.8715,0.78674,0.43574,0.94371,0.59375,0.038381,0.8737,0.7710899999999999
0.0,0.39399,1.2448,0.23355,0.68057,0.68809,0.449,0.26842,0.4336100000000001,2.8836
0.0,0.42427,0.8806799999999999,0.26507,0.59402,0.58815,0.42302,0.26171,0.4517100000000001,2.6943
0.0,0.72531,-0.069708,0.7126600000000001,0.5137,0.96403,0.64115,-0.17175,0.23355,3.0117
0.0,0.93129,-1.227,0.76225,0.38932,0.91743,0.5848,0.18183,0.50965,2.253
0.0,0.67604,-0.15199,0.18383,0.6897300000000001,0.85456,0.4573100000000001,0.83839,0.45957,3.6181
0.0,0.59375,0.11111,0.21404,0.7859,0.95082,0.65861,0.8442799999999999,0.45073,3.6958
0.0,0.91868,-0.7962899999999999,0.73493,0.47384,0.95224,0.61111,-0.15637,0.40646,2.4308
0.0,0.89286,-0.7398,0.82386,0.5352899999999999,0.90678,0.6646,-0.13213,0.34855,2.6201
0.0,0.92706,-0.25378,0.15738,0.7201,0.96526,0.778,-0.030145,0.44222,2.2567
0.0,0.93758,-1.5213,0.076481,0.67487,0.92922,0.61538,0.012032,0.48078,2.1955
0.0,0.88902,-0.6825100000000001,0.14206,0.6240600000000001,0.8854200000000001,0.77273,-0.51702,0.23236,1.9141
0.0,0.8363700000000001,-0.32541,0.13788,0.67855,0.83835,0.48584,-0.36539,0.23286,2.4966
0.0,0.84457,-0.62533,0.17873,0.62566,0.8011,0.54924,-0.48594,0.27053,1.5114
0.0,0.8432700000000001,0.056582000000000014,0.19425,0.5503100000000001,0.93548,0.69048,-0.52623,0.23948000000000005,1.8992
0.0,0.95536,-2.7323,0.10943,0.61866,0.9272,0.61893,-0.14139000000000002,0.68507,1.4818
0.0,0.98027,-2.8312,0.075438,0.48997,0.95726,0.68923,-0.12145,0.7764,1.1092
0.0,0.96413,-2.826,0.13322,0.6169899999999999,0.94138,0.65,-0.11088,0.72831,1.3069
0.0,0.96799,-2.5031,0.10979,0.42059,0.96,0.78571,-0.034101,0.73168,1.3442
1.0,0.44312,0.33726,0.17287,0.68767,0.88277,0.64432,0.70394,0.50648,3.0215
1.0,0.38774,0.49776,0.20607,0.57912,0.80098,0.42925,0.8302,0.54568,3.1983
0.0,0.96384,-2.7461,0.17531,0.51522,0.88318,0.60317,0.1202,0.78999,1.3159999999999998
0.0,0.9745,-2.4827,0.23418000000000005,0.52182,0.90216,0.6883699999999999,0.077698,0.76962,1.3489
0.0,0.94649,-1.9053,0.30719,0.48923,0.94466,0.6322800000000001,-0.11743,0.62058,1.826
0.0,0.95107,-2.2929,0.2605,0.39906,0.95111,0.6369,-0.042298,0.67066,1.5941
0.0,0.93599,-1.6292,0.19348,0.43867,0.8478399999999999,0.65841,-0.036249,0.6030300000000001,2.0602
0.0,0.91085,-0.9591,0.22748,0.4960100000000001,0.8827299999999999,0.61424,-0.010281,0.42228,2.6507
0.0,0.95949,-2.3041,0.30948000000000003,0.4667600000000001,0.93023,0.6349199999999999,-0.047727,0.6048899999999999,1.7168
0.0,0.97011,-3.0097,0.27113000000000004,0.30992,1.0,0.6386,-0.18398,0.6993199999999999,1.2743
0.0,0.94996,-1.5682,0.69418,0.5542699999999999,0.94472,0.65278,-0.24963,0.4703600000000001,2.023
0.0,0.97116,-2.9789,0.71518,0.56118,0.96341,0.65833,-0.2354,0.5574899999999999,1.2575
0.0,0.87066,-1.3535,0.85687,0.7531800000000001,0.89325,0.61279,0.037014,0.43529,2.7897
0.0,0.9005,-1.7597,0.86872,0.5399,0.84534,0.48378,-0.08267999999999999,0.4970100000000001,2.5133
0.0,0.73815,-0.33612,0.15725,0.48139,0.91604,0.5248,0.6171399999999999,0.44935,3.1123
0.0,0.68863,0.38769,0.28731,0.48767,0.95229,0.7299800000000001,0.40511,0.44351,2.8994
0.0,0.81194,-0.32772,0.8249200000000001,0.41608,0.96571,0.7031,0.10888,0.30087,3.1468
0.0,0.81885,-0.5081600000000001,0.7657,0.53487,0.74105,0.55857,0.57903,0.41862,3.2481
0.0,0.64144,0.7126600000000001,0.81506,0.55612,0.8755,0.5324,0.5599,0.34899,3.4471
0.0,0.92964,-2.2571,0.8421200000000001,0.21057,0.94561,0.6996899999999999,-0.11216,0.47399,2.3104
0.0,0.90941,-1.8463,0.78704,0.45858,0.86111,0.62,-0.10422,0.49309,2.3517
0.0,0.40895,0.58091,0.2815,0.50344,0.83147,0.34191,0.62233,0.52172,2.7785
0.0,0.35608,0.59604,0.26665,0.64083,0.87264,0.58787,0.73554,0.5764100000000001,2.7618
0.0,0.88702,-0.54696,0.0095682,0.52349,0.92366,0.66484,0.2116,0.48113,2.8088
0.0,0.48822,-1.1376,0.016512,0.6676300000000001,0.78571,0.5084,-0.56199,0.23152,1.6446
0.0,0.93514,-2.4328,0.32528,0.44125,0.81679,0.5892,0.0021501,0.62216,2.0082
0.0,0.98102,-4.1468,0.44708,0.46208,0.96434,0.68475,0.042485,0.84908,1.0032
0.0,0.81863,-0.96284,0.84477,0.6090899999999999,0.82609,0.50379,-0.092023,0.2631,3.1065
0.0,0.86331,-1.2583,0.84205,0.5668300000000001,0.8876200000000001,0.62644,-0.073898,0.3251,2.8836
0.0,0.91968,-2.5565,0.10774,0.6421100000000001,0.94331,0.71319,-0.0043923,0.53998,2.2663
0.0,0.89135,-2.384,0.12763,0.61702,0.93191,0.60165,0.15937,0.43639,2.6952
0.0,0.79686,-0.26669,0.71801,0.40253,0.95953,0.7488100000000001,0.51489,0.40032,3.3748
0.0,0.47256,1.2673,0.5635600000000001,0.52593,0.96901,0.74862,0.50195,0.3779,3.5106
0.0,0.93546,-2.1271,0.8252200000000001,0.61159,0.9197,0.46873,-0.037863,0.59501,2.07
0.0,0.79198,-0.34175,0.84451,0.43539,0.68429,0.3852,0.1407,0.3832,3.0804
0.0,0.526,1.208,0.39979,0.5686100000000001,0.8217200000000001,0.4486600000000001,0.45575,0.4069,3.1038
0.0,0.51864,0.98151,0.33886,0.43808,0.6289,0.33836,0.55291,0.43365,3.1481
0.0,0.48629,0.60727,0.18674,0.64174,0.81522,0.54466,-0.10364,0.29038,3.0121
0.0,0.49294,0.75227,0.13708,0.50876,0.79699,0.45838,-0.11103,0.30561,3.0057
0.0,0.42244,2.0997,0.88074,0.43068,0.92995,0.69444,0.035986000000000004,0.43067,2.7881
0.0,0.45255,2.2527,0.90078,0.35836,0.8955299999999999,0.67052,0.091859,0.44386,2.7373
1.0,0.35673,0.69523,0.92072,0.22964,0.76371,0.42566,0.58243,0.50941,2.889
1.0,0.36318,0.77525,0.90751,0.39615,0.72633,0.4780100000000001,0.78008,0.52422,3.1002
0.0,0.81299,-0.62357,0.11469,0.55703,0.68033,0.49405,0.2116,0.48113,2.8088
0.0,0.7351300000000001,-0.33954,0.12532,0.69082,0.6963,0.29102,0.2116,0.48113,2.8088
0.0,0.97947,-3.1096,0.26703000000000005,0.51052,0.97183,0.6168600000000001,0.026447,0.8452200000000001,0.95829
0.0,0.8390299999999999,-0.8024,0.27987,0.7497,0.92941,0.6905600000000001,0.053555,0.29033000000000003,3.0498
0.0,0.93663,-2.0806,0.30876,0.6241300000000001,1.0,0.63095,0.2116,0.48113,2.8088
0.0,0.984,-3.6453,0.26343,0.33887,0.98039,0.8333299999999999,0.2116,0.5143399999999999,0.33259
0.0,0.36194,0.73159,0.35692,0.73958,1.0,0.59091,0.2116,0.48113,2.8088
0.0,0.41066,0.22252,0.36498,0.67382,0.93431,0.60952,0.2116,0.48113,2.8088
0.0,0.7740199999999999,0.24135,0.6408699999999999,0.40201,0.66523,0.46859,0.7088800000000001,0.48398,3.0789
0.0,0.8079,0.019182,0.84977,0.4290600000000001,0.8377,0.5937,0.6933199999999999,0.50307,2.9695
1.0,0.77637,-0.45546,0.58219,0.50856,0.7235699999999999,0.51257,0.80595,0.50121,3.198
1.0,0.8083600000000001,-0.69487,0.67277,0.47481,0.7683300000000001,0.5051100000000001,0.79389,0.50332,3.0959
0.0,0.93163,-2.529,0.70472,0.74398,0.8871,0.47312,-0.057976,0.71073,1.5936
0.0,0.96003,-3.1309,0.64681,0.63581,0.92675,0.52151,0.031598,0.67809,1.4749
0.0,0.95223,-1.3715,0.76055,0.52048,0.5093300000000001,0.23789,0.29419,0.66564,1.9143
0.0,0.89697,-0.95549,0.86239,0.46364,0.33582,0.10661,0.43281,0.5724899999999999,2.4363
0.0,0.94072,-1.1144,0.70455,0.56852,0.34723000000000004,0.15024,-0.040773,0.55202,2.1137
0.0,0.8326899999999999,-0.2598,0.8419399999999999,0.43046,0.35293,0.11007,0.49132,0.42253,3.0487
0.0,0.82452,0.61933,0.33886,0.54483,0.97617,0.7098800000000001,0.13973,0.40919,2.6769
0.0,0.68279,1.1663,0.50629,0.59541,0.97512,0.72451,0.22117,0.44113,2.6424
0.0,0.4139600000000001,1.0545,0.33519,0.61048,0.9773,0.78283,0.00037481,0.43909,2.3792
0.0,0.71326,0.90086,0.37408,0.43872,0.98032,0.75617,-0.010704,0.36314,2.7074
0.0,0.97643,-5.1772,0.30021,0.56148,0.89141,0.6198199999999999,0.18917,0.94029,0.48388
0.0,0.98304,-5.4954,0.30759000000000003,0.53886,0.92393,0.6944600000000001,0.072285,0.94394,0.45273
0.0,0.90303,-1.0554,0.28636,0.67806,0.96173,0.67916,-0.069422,0.37052,2.6187
0.0,0.92205,-1.5024,0.31146,0.61545,0.97757,0.7168800000000001,0.06943400000000001,0.41039,2.5424
0.0,0.84177,-0.18527,0.26799,0.6009399999999999,0.96711,0.77615,0.0038726,0.3255,2.9609
0.0,0.84488,-0.39779,0.24914,0.65481,0.9716,0.6724,-0.048501,0.33753,2.805
0.0,0.9642,-2.6939,0.67667,0.68618,0.96353,0.8032,0.11379,0.80643,1.1698
0.0,0.92623,-1.929,0.66199,0.61548,0.93945,0.70065,0.11093,0.6967399999999999,1.7321
0.0,0.91627,-1.2648,0.67296,0.74102,0.8592200000000001,0.26617,0.2116,0.48113,2.8088
0.0,0.93491,-1.7522,0.62805,0.5231,0.6925899999999999,0.4675,0.2116,0.48113,2.8088
0.0,0.98004,-3.2963,0.16419,0.21666,0.96855,0.73333,-0.20839,0.67113,1.2228
0.0,0.97576,-3.4461,0.21434,0.3963,0.98305,0.74359,0.2116,0.48113,2.8088
0.0,0.98389,-3.7243,0.57253,0.59768,0.96442,0.7629600000000001,0.087157,0.88644,0.74378
0.0,0.95879,-2.5585,0.56899,0.5529,0.96122,0.7536,-0.051015,0.75117,1.4269
0.0,0.91895,-1.0989,0.63369,0.66233,0.85408,0.2369,0.2116,0.48113,2.8088
0.0,0.94961,-1.7271,0.55875,0.44081,0.74231,0.61859,0.2116,0.48113,2.8088
0.0,0.97178,-3.2582,0.8775799999999999,0.38976,0.98077,0.76471,0.054001,0.82425,1.1152
0.0,0.91926,-1.8483,0.89076,0.44164,0.96925,0.76646,0.019219,0.56815,2.3051
0.0,0.97894,-4.4311,0.33858,0.66597,0.96939,0.7037,-0.026882,0.91264,0.61531
0.0,0.977,-4.4576,0.35106,0.54642,0.97226,0.7731100000000001,2.2085e-05,0.92433,0.52461
0.0,0.67899,0.26732,0.80714,0.41613,0.76552,0.47743,0.67252,0.45348,3.3112
0.0,0.6042,0.95424,0.91193,0.61175,0.73251,0.41853,0.5949800000000001,0.4646,3.1794
0.0,0.9711,-2.3771,0.09637,0.4413,0.96939,0.7197,0.2116,0.48113,2.8088
0.0,0.97108,-2.6257,0.14545999999999998,0.46635,0.98913,0.84259,0.2116,0.48113,2.8088
0.0,0.87402,-0.47648,0.5050399999999999,0.65096,0.97712,0.7535,0.030403,0.34459,2.9202
0.0,0.95083,-1.5823,0.5523100000000001,0.50536,0.98392,0.76467,0.077671,0.51474,2.2886
0.0,0.8703,-0.64177,0.35332,0.58502,0.97592,0.72623,0.14382,0.34722,3.0227
0.0,0.89307,-1.1775,0.4762,0.49453,0.97818,0.69884,0.032548,0.37165,2.8732
0.0,0.77846,-0.49614,0.36637,0.64361,0.94461,0.6171399999999999,-0.021984,0.35583000000000004,2.5810000000000004
0.0,0.8889299999999999,-0.048334,0.29395,0.57292,0.97987,0.69524,-0.058746000000000013,0.43003,2.1575
0.0,0.58409,0.62816,0.20771,0.6320100000000001,0.98608,0.8034,-0.039724,0.39449,2.4747
0.0,0.49274,0.68892,0.19206,0.60748,0.95047,0.76326,-0.025606,0.3719,2.5241
0.0,0.93012,-2.4741,0.69701,0.42667,0.96042,0.68809,-0.038636,0.6409600000000001,1.9478
0.0,0.94309,-2.6919,0.6677,0.52173,0.96089,0.688,0.0024882,0.7357,1.5251
0.0,0.73306,-0.31776,0.92057,0.38476,0.8123,0.44045,0.19613,0.29269,3.5862
0.0,0.8117300000000001,-0.83611,0.98653,0.49426,0.8478399999999999,0.5371,0.15109,0.42352,3.0705
0.0,0.61457,0.34985,0.9182,0.5614899999999999,0.5003,0.3759,0.53013,0.35278000000000004,3.7337
0.0,0.53457,0.7885300000000001,0.94062,0.6452100000000001,0.5503399999999999,0.36319,0.57934,0.37966,3.7491
0.0,0.9751,-3.9879,0.6297699999999999,0.5726600000000001,0.8774299999999999,0.6007399999999999,0.15517999999999998,0.89517,0.7736
0.0,0.96538,-3.1921,0.69245,0.41179,0.8305799999999999,0.5153800000000001,0.064246,0.8646799999999999,0.934
0.0,0.87326,-0.94355,0.71633,0.5586,0.47913,0.11105,0.257,0.4845,2.7814
0.0,0.8198799999999999,-0.54565,0.72782,0.51949,0.33852,0.11161,0.21847,0.32857,3.2726
0.0,0.48298,1.2351,0.43542,0.72525,0.96225,0.72104,0.37109,0.48539,2.7024
0.0,0.54494,0.79983,0.52369,0.63954,0.98107,0.74458,0.5291,0.47202,2.929
0.0,0.9548,-2.6477,0.56081,0.42318,0.8818799999999999,0.66241,0.038167,0.67032,1.7937
0.0,0.95835,-2.8706,0.26503000000000004,0.37281,0.95222,0.76518,-0.058824,0.6693600000000001,1.7548
0.0,0.56524,1.0554,0.6090300000000001,0.28169,0.8194299999999999,0.61992,0.59597,0.45537,3.2598
0.0,0.53009,0.90582,0.55237,0.4832,0.83452,0.44679,0.55815,0.48349,3.0467
0.0,0.96663,-3.2975,0.25919000000000003,0.53359,0.8026800000000001,0.54096,0.014619,0.88376,0.78193
0.0,0.96181,-3.1525,0.26213000000000003,0.73801,0.94898,0.71815,0.067848,0.8365600000000001,1.0717
0.0,0.97566,-3.2808,0.69635,0.55242,0.94518,0.6802699999999999,0.022806,0.90083,0.64793
0.0,0.98741,-4.2542,0.78169,0.42492,0.95396,0.6883699999999999,0.00289,0.92175,0.55324
0.0,0.95251,-1.3412,0.4757,0.6067899999999999,0.91111,0.62121,0.2116,0.48113,2.8088
0.0,0.90583,-1.3006,0.3129,0.53596,0.81522,0.61983,0.2116,0.48113,2.8088
0.0,0.40221,1.0614,0.18963,0.2919,0.41903,0.21466,0.25335,0.48743,2.5065
0.0,0.57952,0.82194,0.083357,0.29813,0.37434,0.17493,0.15195999999999998,0.41894,2.6514
0.0,0.3051,0.8083100000000001,0.30299,0.38697,0.80188,0.56296,0.25482,0.38218,2.8944
0.0,0.28262,0.34835,0.44942,0.5065,0.8238200000000001,0.53205,-0.019306,0.30508,2.7941
0.0,0.53496,0.67386,0.56311,0.6563,0.92246,0.65341,0.17128,0.25581,3.0921
0.0,0.60677,1.2758,0.58245,0.46328,0.80906,0.56379,-0.14175,0.27548,2.8559
0.0,0.6318699999999999,0.65667,0.83494,0.56882,0.21577,0.039199,0.25444,0.4603100000000001,2.6307
0.0,0.61975,0.54402,0.84995,0.4950600000000001,0.23673,0.079834,0.53364,0.41337,3.1536
0.0,0.778,-0.13994,0.23174,0.73078,0.84375,0.66502,-0.089804,0.24871,3.1453
0.0,0.70986,0.25204,0.20633,0.72673,0.89133,0.63281,-0.092094,0.26151,3.1721
0.0,0.94582,-2.0139,0.16258,0.36184,0.93421,0.6915600000000001,-0.12545,0.55392,1.8569
0.0,0.95828,-2.5202,0.035231,0.53358,0.92063,0.61053,-0.25713,0.57601,1.2039
0.0,0.57147,1.9535,0.12689,0.5794199999999999,0.91831,0.68903,0.053663,0.38948,2.9177
0.0,0.70655,1.1098,0.22919,0.40937,0.94748,0.70122,-0.01735,0.35163,2.8424
0.0,0.98583,-5.5837,0.8436,0.42731,0.96523,0.73545,-0.011838,0.95333,0.36158
0.0,0.98281,-5.6994,0.99058,0.30375,0.97789,0.75208,0.023184,0.9423,0.4553100000000001
0.0,0.9762,-4.513,0.8543700000000001,0.39756,0.97366,0.7368399999999999,0.072475,0.90647,0.69322
0.0,0.98315,-4.3947,0.97374,0.40854,0.96413,0.72834,0.042418,0.91416,0.62193
0.0,0.98027,-4.6747,0.80184,0.50449,0.95835,0.70606,0.039259,0.92855,0.53847
0.0,0.98753,-4.7184,0.97254,0.3757,0.96385,0.7531800000000001,0.026421,0.93827,0.4598
1.0,0.6994600000000001,-0.045072,0.34024,0.49107,0.91611,0.61432,0.8882200000000001,0.58636,3.2392
1.0,0.6826399999999999,-0.026046,0.20552,0.73777,0.92205,0.63246,0.81994,0.4810100000000001,3.3862
0.0,0.94196,-2.5522,0.50974,0.58281,0.90876,0.56979,-0.14484,0.68928,1.6133
0.0,0.95504,-1.9525,0.5817100000000001,0.41836,0.96239,0.63783,-0.008653200000000002,0.66705,1.7085
0.0,0.97018,-3.1451,0.12402,0.47219,0.925,0.6522399999999999,0.06642,0.86965,0.86487
0.0,0.94574,-2.7598,0.11983,0.65486,0.91807,0.65128,0.0014735999999999998,0.68281,1.809
0.0,0.9223,-1.9067,0.6804100000000001,0.5441,0.89385,0.63241,-0.085967,0.67784,1.661
0.0,0.94527,-2.681,0.68267,0.38375,0.95578,0.73947,-0.050498,0.66418,1.8037
0.0,0.96269,-3.1789,0.3231,0.46969,0.79209,0.5415399999999999,0.22506,0.81184,1.2759
0.0,0.49929,0.26594,0.88165,0.3456,0.79292,0.6002,-0.17494,0.24798,3.0617
0.0,0.52773,0.5945199999999999,0.96462,0.5737,0.89812,0.62037,-0.19402,0.24002,3.1191
0.0,0.6017100000000001,1.7853,0.38314,0.6423300000000001,0.94118,0.73846,-0.20402,0.3186,2.8593
0.0,0.5485399999999999,1.7766,0.29269,0.44768,0.93895,0.7209800000000001,-0.11175999999999997,0.35579,2.8092
1.0,0.69593,0.0096025,0.30423,0.72711,0.95936,0.6874,0.84495,0.45965,3.544
1.0,0.7594,-0.6180100000000001,0.33729000000000003,0.578,0.97241,0.73723,0.68375,0.52136,2.8888
0.0,0.96242,-3.3068,0.20853,0.4388,0.9529,0.75521,-0.017847,0.77542,1.3484
0.0,0.95542,-3.053,0.20916,0.60355,0.88425,0.65483,0.0074073,0.79251,1.2992
0.0,0.82037,-0.41412,0.11231,0.28146,0.72113,0.5004,0.05074,0.2879,3.1511
0.0,0.86256,-0.78104,0.22553,0.54283,0.80375,0.33499,0.18358,0.36801,3.0291
0.0,0.8705299999999999,-1.3442,0.35841,0.41639,0.86487,0.57452,0.32093,0.58218,2.463
0.0,0.82765,-0.624,0.19193,0.46771,0.91055,0.65859,0.2705,0.35966,3.2012
0.0,0.9014,-1.6719,0.11476,0.63545,0.8896299999999999,0.67173,0.017415,0.43542,2.6608
0.0,0.92898,-1.7591,0.069251,0.36101,0.94595,0.71795,-0.065987,0.45395,2.5202
0.0,0.86125,-0.7552800000000001,0.74887,0.39757,0.47399,0.13485,-0.19307,0.30074,2.8046
0.0,0.57294,1.4686,0.84314,0.40181,0.5131600000000001,0.17649,0.23285,0.41727,3.0557
0.0,0.55621,-0.040432,0.7478100000000001,0.83711,0.93434,0.77083,-0.49053,0.27713000000000004,2.3086
0.0,0.7398600000000001,0.27773000000000003,0.65759,0.7604,0.8828799999999999,0.64052,-0.43979,0.21081,2.5481
0.0,0.59844,1.1103,0.35466,0.53272,0.6906,0.47332,0.08678999999999999,0.3492,2.9426
0.0,0.71502,0.27469,0.29356,0.43184,0.91818,0.62603,-0.16484,0.23622,2.8892
0.0,0.94862,-2.4096,0.73269,0.55486,0.97253,0.84286,-0.14729,0.5091,2.1395
0.0,0.90959,-1.7758,0.60664,0.59632,0.9,0.6470600000000001,-0.1612,0.39488,2.5233
0.0,0.7047899999999999,0.8969,0.71021,0.52695,0.90419,0.6699,0.27134,0.38818,2.9963
0.0,0.70885,0.8457899999999999,0.78074,0.35108,0.88699,0.5627,0.29052,0.37435,3.1386
0.0,0.82873,-0.28326,0.46614,0.59718,0.93732,0.70657,0.38924,0.4169,3.0693
0.0,0.7814300000000001,-0.11216,0.5210600000000001,0.59944,0.92973,0.68357,0.42932,0.3751,3.3164
0.0,0.7145600000000001,0.55818,0.77763,0.48327,0.8829600000000001,0.6504800000000001,0.27502,0.32436,3.3665
0.0,0.65451,0.74737,0.80553,0.38395,0.85634,0.53265,0.25268,0.33269,3.3605
0.0,0.7841,-0.43436,0.90866,0.29687,0.91367,0.69022,-0.037254,0.26036,3.2710000000000004
0.0,0.82344,-0.68419,0.94933,0.49331,0.79588,0.59938,-0.036342,0.27035,3.1145
0.0,0.97492,-2.8439,0.44219,0.38677,0.97126,0.75446,-0.223,0.60838,1.5676
0.0,0.8945299999999999,-1.0949,0.45379,0.6214,0.79167,0.5625,-0.41382,0.25157,2.4363
0.0,0.77317,-0.84526,0.5835199999999999,0.4053,0.85524,0.62284,0.22084,0.2836,3.5079
0.0,0.90553,-1.7509,0.7377600000000001,0.41395,0.7573,0.60722,0.19578,0.55082,2.4592
0.0,0.8487299999999999,-1.0692,0.26655,0.27349,0.8738100000000001,0.59651,0.27982,0.4475,2.9697
0.0,0.96152,-3.5525,0.072489,0.55529,0.87389,0.60401,0.10694,0.84685,1.0577
0.0,0.64149,0.60432,0.10964000000000003,0.62051,0.91366,0.74519,0.21438,0.29689,3.2633
0.0,0.57315,1.0258,0.14735,0.7925,0.96159,0.71458,0.078314,0.34727,2.9241
0.0,0.43398,1.3622,0.15745,0.7953399999999999,0.43642,0.33399,0.35792,0.42276,2.9917
0.0,0.5515899999999999,0.76751,0.099187,0.7016399999999999,0.4331100000000001,0.085871,0.38513,0.40366,3.103
0.0,0.6615800000000001,0.65532,0.27552,0.5894699999999999,0.94737,0.69545,-0.16533,0.30489,2.6984
0.0,0.75367,0.18632,0.28213,0.7572,0.8145,0.55362,-0.020837,0.29328000000000004,2.852
0.0,0.67105,0.18659,0.90645,0.43304,0.80556,0.49212,-0.16710999999999998,0.22506,3.167
0.0,0.79704,0.08852,0.7297899999999999,0.52531,0.7543,0.45729,-0.34499,0.23846,2.87
0.0,0.92946,-0.74411,0.24288,0.4296100000000001,0.65479,0.3283,-0.37955,0.36377,2.0862
0.0,0.71905,0.70817,0.13564,0.56607,0.81757,0.5084,-0.19232,0.25949,2.9387
1.0,0.69224,-0.7600100000000001,0.92088,0.53375,0.9472,0.79892,0.7531100000000001,0.53483,2.8814
0.0,0.96415,-2.9729,0.38959,0.53679,0.94648,0.76364,-0.087091,0.8039,1.1132
0.0,0.98415,-3.9341,0.33937,0.4206,0.9422,0.6863199999999999,-0.027475,0.86474,0.81076
0.0,0.96142,-2.9307,0.7763,0.3296,0.95296,0.64353,-0.020506,0.82949,1.063
0.0,0.95693,-2.8816,0.61234,0.43819,0.95072,0.70353,0.017468,0.81719,1.1368
0.0,0.93446,-2.0569,0.35075,0.62402,0.8781,0.6166699999999999,0.08544600000000001,0.7298600000000001,1.6199
0.0,0.92372,-1.9455,0.3464,0.72929,0.92887,0.62057,0.22406,0.6793100000000001,1.8333
0.0,0.57845,1.2538,0.31816,0.69767,0.9324,0.64964,0.46945,0.52017,2.6941
0.0,0.61328,2.3778,0.28103,0.4807,0.93299,0.7091,0.35856,0.5818300000000001,2.2023
1.0,0.58194,-0.08017300000000001,0.72619,0.6459999999999999,0.93345,0.62228,0.7740199999999999,0.5140100000000001,3.2235
1.0,0.54899,0.17381,0.6322,0.44184,0.79352,0.3379,0.7684,0.52649,3.2442
1.0,0.74087,-0.8558899999999999,0.12593,0.61864,0.97749,0.72888,0.8809600000000001,0.55657,3.1029
1.0,0.6913199999999999,-0.11997,0.078235,0.41666,0.9658,0.7553300000000001,0.90349,0.54289,3.3585
1.0,0.78493,-0.51194,0.65462,0.49922,0.80225,0.60364,0.7269100000000001,0.49182,3.0405
1.0,0.65252,-0.08505700000000001,0.62473,0.60928,0.7602800000000001,0.4814100000000001,0.7936300000000001,0.46849,3.3347
0.0,0.82206,-0.13581,0.26927,0.5020399999999999,0.96528,0.66827,0.2116,0.48113,2.8088
0.0,0.8523799999999999,-0.1967,0.23582,0.65937,0.98561,0.81065,-0.26062,0.26112,2.2636
0.0,0.93723,-2.0562,0.7137100000000001,0.4862,0.95904,0.71867,-0.017929,0.6684399999999999,1.7427
0.0,0.91504,-1.767,0.56174,0.37047,0.94718,0.67929,-0.079716,0.54186,2.1289
0.0,0.96726,-2.5616,0.39277,0.74237,0.97015,0.76172,-0.069437,0.69627,1.5162
0.0,0.94494,-2.3787,0.4502100000000001,0.62422,0.96629,0.71667,-0.034782,0.5340600000000001,1.9655
0.0,0.76453,0.51627,0.7845,0.58191,0.97421,0.8210700000000001,0.024066,0.33318000000000003,2.7905
0.0,0.74533,0.48097,0.83536,0.57635,0.94368,0.7387100000000001,0.28355,0.33556,3.1812
0.0,0.95755,-3.1622,0.81718,0.57365,0.93471,0.76981,0.023684,0.83542,1.0605
0.0,0.97288,-3.8038,0.80699,0.71653,0.91657,0.58321,0.05691,0.8679,0.88531
0.0,0.97933,-3.1493,0.31571,0.71529,0.94595,0.72917,0.2116,0.48113,2.8088
0.0,0.94814,-1.0154,0.29518,0.55509,0.8785,0.5875,0.2116,0.48113,2.8088
0.0,0.8519200000000001,-0.69591,0.26298,0.5838399999999999,0.8846200000000001,0.65714,0.2116,0.48113,2.8088
0.0,0.96153,-1.6182,0.26854,0.64195,0.95455,0.69231,0.2116,0.48113,2.8088
0.0,0.97041,-2.9810000000000003,0.53173,0.4098,0.97375,0.76653,0.093789,0.81475,1.1143
0.0,0.97798,-3.1882,0.7195600000000001,0.3986,0.9484,0.70182,0.045562,0.85255,0.89886
0.0,0.9833,-3.4868,0.63102,0.39117,0.97867,0.79437,0.021513,0.8719600000000001,0.7832899999999999
0.0,0.99366,-4.634,0.6968,0.39613,0.97783,0.85931,-0.005816300000000001,0.92786,0.49986
0.0,0.8588899999999999,-0.36754,0.8964700000000001,0.50152,0.78571,0.14474,0.2116,0.48113,2.8088
0.0,0.8780700000000001,-0.29281,0.90924,0.36509,0.8344600000000001,0.17213,0.2116,0.48113,2.8088
0.0,0.65333,0.61974,0.22202,0.53992,0.58291,0.10588,0.53252,0.393,3.2487
0.0,0.61675,0.79494,0.23521,0.5958,0.52485,0.24172,0.51127,0.45634,2.9655
0.0,0.74256,0.26383,0.054766,0.52315,0.94256,0.71094,0.15711,0.32601,3.1331
0.0,0.7882399999999999,0.02746,0.11595,0.41404,0.8762,0.64342,-0.011343,0.26856,3.09
0.0,0.6936100000000001,0.76567,0.019044,0.41302,0.97386,0.81619,-0.10358,0.29559,3.0557
0.0,0.77155,0.26568,0.14025,0.35231,0.9001,0.68185,0.03553,0.28874,3.0708
0.0,0.82414,-0.21849,0.22536,0.35835,0.9205,0.63768,0.0030942,0.31133,2.6326
0.0,0.81024,-0.5723,0.16192,0.5694100000000001,0.96,0.7058800000000001,0.029022000000000006,0.32225,2.6476
0.0,0.80232,-0.0060251,0.25669000000000003,0.46592,0.96341,0.69298,-0.29769,0.23753,2.7763
0.0,0.75522,0.10258,0.11718,0.60564,0.99099,0.80882,-0.14032,0.26461,2.7712
0.0,0.89823,-1.9835,0.35779,0.42309,0.9525,0.69153,-0.042508,0.52674,2.4855
0.0,0.87689,-1.5407,0.36033,0.58182,0.94529,0.74525,0.035688,0.45317,2.794
0.0,0.61652,1.3579,0.15534,0.28836,0.91055,0.57065,0.23352,0.39247,3.139
0.0,0.6300399999999999,1.2567,0.27633,0.36564,0.96003,0.6615300000000001,0.20289,0.38511,3.2422
0.0,0.65885,0.058847,0.58462,0.48942,0.93068,0.64158,0.060341999999999986,0.26856,3.0737
0.0,0.88139,-0.75532,0.73679,0.35452,0.96279,0.73929,-0.13513,0.32067,2.8605
0.0,0.92044,-1.7284,0.65869,0.33002,1.0,0.79091,0.2116,0.48113,2.8088
0.0,0.95549,-2.0457,0.5797,0.52664,0.97,0.80833,0.2116,0.48113,2.8088
1.0,0.60752,0.034413,0.2956,0.38723,0.90543,0.6596,0.79627,0.50473,3.2085
1.0,0.64791,-0.16675,0.39786,0.44209,0.94058,0.68358,0.7878,0.47266,3.3188
0.0,0.89756,-1.3023,0.13667,0.57834,0.93671,0.63248,0.2116,0.48113,2.8088
0.0,0.94604,-1.6426,0.16558,0.5724100000000001,0.96842,0.68148,0.2116,0.48113,2.8088
0.0,0.7662100000000001,0.10598,0.82506,0.45429,0.95775,0.68687,-0.12996,0.26662,2.8148
0.0,0.80771,-0.72648,0.60135,0.57713,0.96309,0.66435,-0.087189,0.29053,2.6661
0.0,0.80178,-0.11216,0.73275,0.39372,0.96382,0.7399,-0.070854,0.294,2.8151
0.0,0.8210200000000001,-0.35412,0.64144,0.57289,0.912,0.5896600000000001,-0.18187,0.30449,2.6511
0.0,0.96213,-3.1630000000000003,0.91274,0.40788,0.93576,0.69103,0.036895,0.8259,1.1393
0.0,0.97052,-3.1377,0.76725,0.39784,0.97295,0.68428,-0.048488,0.76315,1.3571
0.0,0.95994,-2.7404,0.81067,0.5685100000000001,0.97588,0.77257,-0.06346,0.58428,2.0033
0.0,0.9047,-1.5446,0.8009999999999999,0.7349899999999999,0.97388,0.76331,0.027899,0.35837,2.7612
0.0,0.49352,-0.032791,0.9022,0.63137,0.96903,0.72713,0.845,0.4664,3.5269
0.0,0.64578,-0.31372,0.85741,0.38799,0.96373,0.6931,0.69996,0.44098,3.2565
1.0,0.58421,1.9965,0.067622,0.42582,0.95631,0.7128800000000001,0.31508,0.4678600000000001,2.7839
1.0,0.5594399999999999,1.7302,0.096439,0.63153,0.94684,0.68545,0.32553000000000004,0.43059,2.8279
0.0,0.90428,-1.4654,0.19637,0.3195,0.98033,0.73843,0.13681,0.4247,2.7631
0.0,0.9108,-1.1399,0.2306,0.60164,0.97745,0.72826,0.057662,0.40805,2.6638
0.0,0.94275,-2.1141,0.8259299999999999,0.60185,0.98348,0.7566,-0.034669,0.51246,2.3626
0.0,0.90908,-1.5506,0.72955,0.57443,0.97332,0.7477699999999999,-0.11751,0.39757,2.7144
0.0,0.56415,0.99466,0.8458700000000001,0.6168600000000001,0.93046,0.6480899999999999,0.211,0.40671,2.8102
0.0,0.7186100000000001,0.7224,0.7631600000000001,0.61295,0.8663700000000001,0.54203,0.36051,0.42548,2.9229
0.0,0.7098300000000001,0.14707,0.8483200000000001,0.40355,0.97348,0.73219,-0.00025066,0.3151,2.8549
0.0,0.71877,0.18801,0.92015,0.32437,0.9702,0.69762,-0.11349,0.31706,2.6866
0.0,0.67735,0.2285,0.85041,0.38992,0.97662,0.7448600000000001,-0.10835,0.29569,2.8713
0.0,0.68042,0.34069,0.91301,0.5264300000000001,0.96396,0.6832699999999999,-0.08831900000000001,0.31842,2.8532
0.0,0.35788000000000003,4.1964,0.18785,0.75347,0.8288200000000001,0.53799,0.32988,0.50395,2.5403
0.0,0.45417,3.2904,0.1824,0.59563,0.8247700000000001,0.36175,0.43672,0.51737,2.78
0.0,0.8970600000000001,-0.60036,0.17285,0.5664899999999999,0.92308,0.75,0.2116,0.48113,2.8088
0.0,0.7521399999999999,-0.15135,0.14579,0.58285,0.88636,0.60938,0.2116,0.48113,2.8088
1.0,0.75717,-0.40477,0.08367999999999999,0.49782,0.87266,0.63986,0.7791100000000001,0.47366,3.3011
0.0,0.97422,-3.7985,0.23078,0.41783,0.97651,0.74219,-0.0091881,0.8558899999999999,0.90634
0.0,0.91377,-1.5855,0.21334,0.47364,0.96638,0.71521,-0.16184,0.42869,2.6359
0.0,0.96753,-2.7758,0.17662,0.32571,0.95159,0.78056,0.12044,0.85834,0.91252
0.0,0.97783,-3.8989,0.23494,0.44682,0.97207,0.78114,-0.0069947,0.8443200000000001,1.0076
0.0,0.60836,1.1065,0.7465,0.48553,0.8639100000000001,0.6290600000000001,0.61726,0.47654,3.1044
0.0,0.59102,1.6206,0.86056,0.4175,0.91369,0.58273,0.39395,0.47603,2.8631
0.0,0.92805,-1.8058,0.72483,0.52609,0.84351,0.65385,-0.055239,0.5595,2.1674
0.0,0.97014,-3.0738,0.63058,0.4827,0.93869,0.74,0.028197000000000007,0.78295,1.2828
0.0,0.6681199999999999,-0.21499,0.22863000000000006,0.64704,0.8224100000000001,0.73385,0.1155,0.31873,2.965
0.0,0.6783100000000001,0.2616,0.28605,0.54235,0.96304,0.71337,-0.13835999999999998,0.2993,2.8143
0.0,0.5097,1.2496,0.25935,0.73679,0.88951,0.6038600000000001,0.19858,0.36375,3.0943
0.0,0.73527,0.8843,0.24303,0.48219,0.91968,0.65359,0.15124,0.35536,2.9784
1.0,0.74648,0.62505,0.86151,0.58189,0.9735,0.7621,0.47778,0.47528,2.8963
1.0,0.7104,1.3109,0.88533,0.6059899999999999,0.97308,0.75735,0.3859800000000001,0.50065,2.664
0.0,0.96739,-3.9677,0.030339,0.27401,0.95048,0.72031,0.06891599999999999,0.8882,0.8228700000000001
0.0,0.95584,-3.6064,0.049441000000000006,0.31966999999999995,0.94018,0.66873,0.1536,0.8827200000000001,0.85444
0.0,0.81543,-0.34486999999999995,0.20318,0.70805,0.89835,0.70308,0.064831,0.28813,3.205
0.0,0.8739299999999999,-0.56724,0.24834,0.6622399999999999,0.92455,0.67773,-0.004198899999999999,0.33667,2.9443
0.0,0.95005,-2.1491,0.6879,0.36721,0.8788299999999999,0.62767,0.011302,0.7524,1.4353
0.0,0.90985,-1.8219,0.78983,0.4928,0.75668,0.43538,-0.025607,0.6321399999999999,2.0518
0.0,0.8352,-1.2642,0.21111,0.2608,0.8374,0.5421100000000001,-0.20667,0.24757,2.8103
0.0,0.89544,-1.857,0.23855,0.22392,0.91244,0.57895,-0.12005,0.39897,2.4359
1.0,0.7752399999999999,-0.56485,0.12359,0.30474,0.93219,0.7342,0.5072,0.5664399999999999,2.419
1.0,0.67765,-0.15892,0.21724,0.43677,0.96778,0.66303,0.69799,0.57718,2.6225
1.0,0.72697,0.31203000000000003,0.19069,0.54105,0.88421,0.6967300000000001,0.72713,0.52525,2.9327
1.0,0.72958,-0.5131399999999999,0.23942,0.44027,0.90469,0.69631,0.8211799999999999,0.52249,3.15
1.0,0.6099399999999999,0.10103,0.16376,0.28138,0.86918,0.60444,0.87236,0.5462899999999999,3.2956
1.0,0.5533,-0.35836,0.2104,0.38802,0.86224,0.6677,0.77179,0.5578,2.9234
0.0,0.6499199999999999,0.28276,0.20185,0.59625,0.75185,0.45305,0.62184,0.45738,3.1457
0.0,0.64318,0.60001,0.1185,0.62028,0.71731,0.58562,0.64241,0.44963,3.2403
0.0,0.92417,-1.8798,0.87111,0.34388,0.93603,0.6630199999999999,-0.061675,0.43247,2.5494
0.0,0.96748,-2.5643,0.77653,0.43273,0.89338,0.63477,-0.14014,0.63481,1.7616
0.0,0.71831,0.054392,0.60451,0.27923000000000003,0.97531,0.80612,-0.10574,0.25602,3.2416
0.0,0.79561,-0.21964,0.5281399999999999,0.45336,0.97104,0.78189,-0.1105,0.25952,3.1632
0.0,0.63503,0.089175,0.5009,0.5089600000000001,0.45848,0.33367,0.30607,0.30662,3.0996
0.0,0.59286,0.19515,0.58153,0.70536,0.54219,0.17105,0.14018,0.24448000000000006,3.2413
0.0,0.9099,-1.0315,0.066972,0.33984000000000003,0.71909,0.40316,0.047446,0.47505,2.5431
0.0,0.7257600000000001,-0.042395,0.076062,0.32145,0.8608899999999999,0.52877,0.017190999999999998,0.2245,3.5401
0.0,0.6804899999999999,0.3786,0.08405900000000001,0.6284,0.8472,0.37883,0.61793,0.42618,3.1957
0.0,0.6724100000000001,0.42208,0.139,0.49795,0.92957,0.60173,0.54372,0.42704,3.0789
0.0,0.57716,2.22,0.71321,0.66494,0.94225,0.78701,0.24572,0.47271,2.6215
0.0,0.5481600000000001,2.4577,0.69011,0.57494,0.95519,0.74565,0.1622,0.50369,2.4578
0.0,0.7631899999999999,-1.6614,0.51155,0.5310600000000001,0.96124,0.6631,0.2116,0.48113,2.8088
0.0,0.94625,-2.1296,0.6266,0.47127,0.95556,0.71667,-0.29707,0.49574,1.286
0.0,0.63536,0.56911,0.36912,0.47493,0.94448,0.68361,0.7155600000000001,0.51668,2.9438
0.0,0.49244,0.12167,0.26589,0.41777,0.96405,0.70607,0.78714,0.54019,3.0551
0.0,0.54206,0.036149,0.22785,0.69691,0.51715,0.27032,0.7569100000000001,0.59367,2.7554
0.0,0.51213,0.50679,0.20636,0.58272,0.74611,0.49579,0.74338,0.52887,2.9611
0.0,0.51174,0.79342,0.87424,0.36546,0.92977,0.6815100000000001,0.5562199999999999,0.5284800000000001,2.9123
0.0,0.6058899999999999,-0.31388,0.73619,0.42465,0.93135,0.64261,0.77695,0.49552,3.3304
1.0,0.54937,0.6575300000000001,0.14056,0.37552,0.59038,0.3915,0.63078,0.50446,2.8078
1.0,0.5573199999999999,0.18353,0.042278,0.5473,0.6559999999999999,0.44767,0.63885,0.52813,2.7558
0.0,0.70509,0.43812,0.8686200000000001,0.59515,0.95413,0.73369,0.016287,0.26709,3.1228
0.0,0.78022,0.26539,0.8300299999999999,0.74328,0.95887,0.67572,-0.093063,0.253,2.9016
1.0,0.55648,1.9219,0.28013000000000005,0.40321,0.94436,0.6881,0.55196,0.52275,3.0888
1.0,0.51415,1.1802,0.33361,0.50126,0.93168,0.6469699999999999,0.5697300000000001,0.48113,3.3367
1.0,0.64085,1.0597,0.1903,0.66976,0.93467,0.7530899999999999,0.6071300000000001,0.48639,3.1519
1.0,0.68283,1.5113,0.20579,0.5184300000000001,0.89805,0.67519,0.39346,0.47802,2.8107
0.0,0.87371,-0.44201,0.20306,0.5648,0.99055,0.77654,-0.026639,0.33097,2.8659
0.0,0.81703,-0.011201,0.17877,0.41882,0.97017,0.6991,0.13621,0.31642,3.0821
